{"mean": 5273.9443359375, "std": 677.4725341796875}