{"q_table": {"3_0_2_2": [0.40650000000000003, 0.1, 5.814581073704204, 0.0, 0.7000000000000001], "4_2_1_2": [0.38, 0.0, 1.435140927038, 5.793978970782449, 0.0], "4_2_1_0": [0.19, 0.0, 1.9594488808191093, 0.0, 0.0], "3_1_1_1": [0.05, 0.0, 0.0, 0.30000000000000004, 6.858071082866883], "0_1_1_0": [8.576088417247838, 0.0, 0.19, 0.0, 0.0], "0_2_2_2": [1.0, 0.0, 0.1, 2.7045687293449165, 0.2], "3_2_1_1": [0.37290670858355, 0.0, 5.409137458689833, 0.8130000000000001, 0.0], "2_2_0_2": [0.9282102012308148, 0.0, 0.0, 0.0, 0.0], "4_0_2_1": [0.717570463519, 0.0, 0.0, 0.0, 6.919318625861607], "4_1_2_2": [1.9381936912347348, 0.095, 0.0, 0.0, 0.0], "2_1_0_1": [0.0, 0.0, 0.0, 4.8748422247503385, 0.0], "1_1_1_1": [0.20475500000000002, 0.05, 8.528987130275375, 0.4, 0.95], "4_2_1_1": [0.5695327900000001, 0.095, 0.0, 0.0, 7.124648086947902], "1_1_1_2": [1.472627994552899, 0.0, 0.0, 0.0, 0.5], "3_0_1_0": [0.1355, 0.1, 5.878346642457329, 0.5700000000000001, 1.33], "1_2_0_1": [0.1355, 0.05, 8.797244404095547, 0.0, 0.5], "3_0_0_0": [0.05, 0.1, 0.6000000000000001, 0.30000000000000004, 6.842301203185426], "0_0_2_0": [10.776968844505102, 0.7000000000000001, 0.0, 0.0, 0.0], "3_2_2_2": [1.3670559282052124, 0.271, 0.0, 0.30000000000000004, 0.0], "0_2_0_1": [0.0, 0.0, 0.19, 0.30000000000000004, 1.9635039927371984], "2_1_2_2": [0.5217031000000001, 0.0, 7.53480210397568, 0.5, 0.5700000000000001], "1_2_2_1": [0.37290670858355, 0.0, 0.0, 0.0, 4.709251314984799], "0_2_2_1": [0.9, 6.945013829521048, 0.0, 0.0, 0.542], "2_2_2_0": [0.0, 0.0, 0.0, 4.324574141163504, 0.0], "3_1_0_2": [1.11872012575065, 0.1, 5.6859914201835835, 0.0, 0.0], "2_0_0_2": [0.0, 0.0, 0.0, 4.926095585292827, 0.5700000000000001], "1_1_0_1": [0.32566077995000003, 0.0, 0.9, 0.4, 4.392116727047154], "3_1_1_2": [0.51585, 0.1, 0.0, 0.0, 6.547724267754132], "3_0_2_1": [0.17195000000000002, 0.0, 0.0, 0.30000000000000004, 6.842301203185426], "2_1_0_0": [0.0, 0.0, 7.623189704220301, 0.0, 0.30000000000000004], "2_0_1_0": [0.0, 0.0, 7.53480210397568, 0.0, 0.0], "1_2_0_0": [0.32566077995000003, 0.0, 8.576088417247838, 0.0, 0.0], "2_0_1_1": [0.0, 0.0, 0.8, 1.355, 2.916561483166892], "4_0_0_2": [0.542, 0.0, 0.38, 0.0, 7.660870733798271], "4_1_1_2": [1.984289665577442, 0.05, 0.2, 1.1400000000000001, 0.0], "4_1_1_1": [0.271, 0.05, 0.0, 5.901460780390437, 0.0], "0_0_2_1": [10.881472099692635, 0.7000000000000001, 0.0, 0.0, 0.0], "2_2_2_1": [0.0, 0.0, 0.0, 0.0, 2.9324148013651827], "2_2_0_0": [0.0, 0.0, 7.660870733798271, 0.0, 0.30000000000000004], "1_0_2_0": [0.0, 0.1355, 0.9, 3.741556724430933, 0.0], "2_2_1_0": [0.0, 0.0, 0.8, 4.507614548908195, 0.0], "0_1_0_1": [8.852191170585654, 1.6150000000000002, 0.1, 0.5700000000000001, 0.2], "4_2_2_0": [0.0, 0.0, 0.38, 1.1400000000000001, 7.581321893578112], "2_1_0_2": [0.68618940391, 0.0, 7.79974755960054, 0.5, 0.0], "0_2_0_0": [0.0, 6.783677919321572, 0.1, 0.0, 0.0], "1_1_2_0": [0.095, 0.05, 0.0, 3.790660946789056, 0.0], "0_0_2_2": [11.302203155963518, 1.8970000000000002, 0.1, 0.30000000000000004, 0.38], "4_1_0_2": [1.9152176834495678, 0.05, 0.0, 0.0, 0.0], "4_0_2_2": [1.923695915104611, 0.0, 0.38, 0.0, 0.0], "2_0_0_0": [0.0, 0.0, 7.36186845538502, 0.0, 0.0], "4_2_0_2": [1.9443743221112613, 0.05, 0.2, 0.0, 0.0], "1_2_1_1": [0.38561603772519504, 0.0, 0.9, 0.0, 4.676945905538666], "1_2_1_2": [0.0, 0.0, 8.690968456173675, 0.4, 0.0], "1_1_1_0": [0.095, 0.05, 8.797244404095547, 0.4, 0.95], "0_2_1_2": [9.774716004550609, 1.33, 0.19, 0.0, 0.2], "1_2_1_0": [0.20475500000000002, 0.05, 0.0, 3.847391830209222, 0.0], "3_1_2_0": [0.1355, 0.0, 5.849810669700406, 0.0, 0.7000000000000001], "3_0_1_1": [0.28476639500000006, 0.0, 5.569261207384888, 0.0, 0.0], "2_0_1_2": [0.40951000000000004, 0.0, 0.8, 4.860935805278154, 0.0], "1_0_1_2": [1.4838371045035414, 0.05, 0.0, 0.0, 0.5], "3_0_0_1": [0.05, 0.271, 0.0, 0.0, 6.955461201912049], "3_0_2_0": [0.23427950000000003, 0.0, 0.0, 2.9324148013651827, 0.7000000000000001], "0_0_0_2": [9.353891811077332, 0.7000000000000001, 0.19, 0.30000000000000004, 0.0], "3_2_1_2": [0.51585, 0.1, 0.0, 0.0, 6.759642132579524], "2_0_0_1": [0.0, 0.0, 0.0, 0.5, 2.8728265251743514], "2_2_0_1": [0.0, 0.0, 7.623189704220301, 0.0, 0.30000000000000004], "0_2_1_0": [8.418502629969598, 0.0, 0.1, 0.0, 0.6878000000000001], "3_1_0_0": [0.05, 0.1, 5.612335086646399, 0.30000000000000004, 0.7000000000000001], "2_0_2_1": [0.0, 0.0, 0.8, 0.5, 2.9507303901952184], "2_0_2_0": [0.0, 0.0, 7.581321893578112, 0.5, 0.0], "1_0_2_2": [1.4484947426956123, 0.0, 0.0, 0.0, 0.5], "2_1_2_0": [0.0, 0.0, 0.8, 4.9334860267635445, 0.5700000000000001], "4_0_0_1": [0.9835767967317393, 0.0, 0.0, 0.0, 0.0], "4_0_1_0": [0.34390000000000004, 0.0, 0.2, 5.878346642457329, 0.0], "0_0_1_2": [9.721871610556308, 0.7000000000000001, 0.0, 0.0, 0.2], "3_1_2_2": [0.0, 0.19, 5.814581073704204, 0.0, 0.0], "0_0_0_1": [8.749684449500677, 0.0, 0.1, 0.0, 0.2], "1_0_0_0": [0.4908759981842996, 0.0, 0.0, 0.0, 0.0], "0_1_2_0": [8.817519963685992, 0.0, 0.1, 0.0, 0.0], "0_2_1_1": [8.618479575523054, 0.0, 0.0, 0.0, 0.2], "0_0_0_0": [8.93637314558864, 0.0, 0.0, 0.30000000000000004, 0.38], "4_1_2_0": [0.7458134171671, 0.0, 0.0, 0.0, 7.425681609846518], "4_0_1_1": [0.19, 0.0, 0.2, 0.0, 7.904219878539503], "4_1_0_1": [0.0, 0.1355, 0.6878000000000001, 0.6000000000000001, 7.623189704220301], "4_1_0_0": [0.34390000000000004, 0.0, 0.38, 0.0, 7.53480210397568], "1_0_0_1": [0.17195000000000002, 0.0, 0.9, 0.4, 4.951511313510624], "0_2_0_2": [9.618479575523054, 0.0, 0.19, 0.30000000000000004, 0.542], "2_2_2_2": [0.271, 0.0, 0.0, 4.8748422247503385, 0.30000000000000004], "1_1_0_0": [0.32566077995000003, 0.05, 0.0, 0.0, 4.764493565137688], "3_1_2_1": [0.26085155000000004, 0.0, 0.0, 2.671743032605463, 0.0], "2_2_1_1": [0.0, 0.0, 7.854015970948794, 0.0, 0.0], "0_1_2_2": [9.721871610556308, 0.0, 0.1, 0.30000000000000004, 0.0], "3_2_0_0": [0.4641051006154074, 0.19, 0.0, 0.5700000000000001, 0.0], "0_1_1_1": [8.866972053527089, 0.0, 0.1, 0.0, 0.2], "1_1_0_2": [1.472627994552899, 0.0, 0.0, 0.76, 0.5], "1_0_1_0": [0.20475500000000002, 0.05, 1.71, 3.741556724430933, 0.0], "3_1_1_0": [0.095, 0.1, 0.6000000000000001, 0.0, 6.783677919321572], "2_1_1_1": [0.0, 0.0, 0.0, 0.5, 2.945255989105798], "4_2_0_1": [0.0, 0.05, 1.949936889900135, 0.6000000000000001, 0.0], "1_0_2_1": [0.095, 0.095, 8.817519963685992, 1.084, 0.0], "0_1_0_0": [0.9, 0.0, 0.19, 2.960091616058127, 0.38], "4_2_0_0": [0.40951000000000004, 0.0, 0.0, 0.0, 7.660870733798271], "3_0_1_2": [1.472627994552899, 0.0, 0.0, 0.0, 0.7000000000000001], "4_0_2_0": [0.7458134171671, 0.0, 0.0, 0.0, 7.623189704220301], "1_1_2_1": [0.05, 0.0, 0.0, 0.76, 4.926095585292827], "0_1_0_2": [9.774716004550609, 0.8500000000000001, 0.1, 0.0, 0.2], "1_0_0_2": [0.15000000000000002, 0.0, 8.418502629969598, 0.76, 0.0], "2_1_1_0": [0.0, 0.0, 0.0, 4.8748422247503385, 0.0], "2_0_2_2": [0.19, 0.0, 0.0, 0.0, 2.916561483166892], "1_2_2_2": [0.40650000000000003, 0.05, 8.797244404095547, 0.0, 0.0], "4_1_1_0": [0.6513215599000001, 0.05, 0.0, 0.0, 7.124648086947902], "3_2_2_1": [0.0, 0.94185026299696, 0.0, 0.0, 0.0], "1_2_0_2": [0.15000000000000002, 0.0, 8.721871610556308, 0.0, 0.0], "0_0_1_0": [8.65663161797075, 0.7000000000000001, 0.0, 0.5700000000000001, 0.0], "0_0_1_1": [8.797244404095547, 0.7000000000000001, 0.19, 0.5700000000000001, 0.0], "0_2_2_0": [8.618479575523054, 0.0, 0.0, 0.5700000000000001, 0.2], "3_2_1_0": [0.3587852317595, 0.0, 0.0, 0.0, 6.441634898461892], "3_2_0_2": [0.28500000000000003, 0.0, 5.717392278165225, 0.30000000000000004, 1.8970000000000002], "4_0_1_2": [1.895330473394528, 0.0, 0.38, 0.6000000000000001, 0.0], "4_2_2_1": [0.9690968456173674, 0.0, 0.0, 0.0, 0.0], "4_0_0_0": [0.1, 0.05, 0.2, 0.6000000000000001, 7.777497288445045], "2_1_2_1": [0.0, 0.0, 1.52, 4.887358002275304, 0.30000000000000004], "3_2_2_0": [0.4556853094017375, 0.0, 0.0, 0.0, 0.0], "2_2_1_2": [0.5695327900000001, 0.0, 0.0, 4.738326183486319, 0.0], "3_0_0_2": [0.9188692665, 0.1, 0.0, 0.0, 6.805310127389415],